id,signup_date,country
1,2025-10-16,japan
2,2024-10-08,japan
3,2024-05-22,USA
4,2025-11-23,USA
5,2025-07-12,japan
6,2025-03-08,japan
7,2024-04-05,japan
8,2025-06-01,japan
9,2025-07-28,japan
10,2025-10-27,USA
11,2025-03-05,japan
12,2025-08-26,japan
13,2024-01-07,USA
14,2024-06-12,japan
15,2024-12-14,japan
16,2024-08-08,UK
17,2024-12-10,japan
18,2025-01-24,japan
19,2024-12-18,japan
20,2024-02-14,USA
21,2025-07-03,japan
22,2025-01-22,japan
23,2024-10-27,Korea
24,2025-09-25,Taiwan
25,2025-01-05,japan
26,2025-12-22,japan
27,2025-11-08,japan
28,2024-10-23,Germany
29,2024-08-26,Taiwan
30,2025-01-24,japan
31,2025-10-12,Korea
32,2024-06-15,japan
33,2024-08-02,japan
34,2025-12-19,Singapore
35,2025-10-25,japan
36,2025-10-12,japan
37,2024-09-07,japan
38,2025-01-23,japan
39,2025-10-17,japan
40,2024-08-12,japan
41,2024-02-27,japan
42,2024-02-02,Korea
43,2025-02-14,japan
44,2024-08-04,Singapore
45,2025-08-03,Taiwan
46,2024-11-18,japan
47,2025-05-26,japan
48,2025-10-20,japan
49,2024-09-28,japan
50,2025-07-28,japan
51,2025-08-21,japan
52,2025-08-20,japan
53,2024-08-12,Germany
54,2024-05-21,japan
55,2024-04-03,USA
56,2024-04-22,japan
57,2024-06-12,Korea
58,2025-03-08,japan
59,2025-01-29,japan
60,2025-04-24,japan
61,2025-07-20,Taiwan
62,2024-01-12,japan
63,2024-04-27,japan
64,2025-07-03,USA
65,2025-10-18,japan
66,2024-10-27,japan
67,2025-04-09,japan
68,2026-01-09,Taiwan
69,2024-09-26,Germany
70,2024-07-01,japan
71,2024-04-18,Taiwan
72,2024-11-01,Taiwan
73,2025-06-03,japan
74,2024-06-05,japan
75,2024-06-14,japan
76,2025-06-27,Singapore
77,2025-09-05,japan
78,2024-01-20,japan
79,2025-01-06,Taiwan
80,2024-11-10,japan
81,2024-09-03,Taiwan
82,2024-03-21,japan
83,2025-05-12,Korea
84,2025-06-29,USA
85,2024-05-11,japan
86,2025-07-16,japan
87,2025-06-24,Taiwan
88,2025-03-09,UK
89,2025-07-06,USA
90,2025-12-07,japan
91,2024-11-15,japan
92,2025-11-18,japan
93,2025-03-24,Taiwan
94,2025-04-07,japan
95,2024-08-18,japan
96,2024-01-22,japan
97,2024-08-23,japan
98,2024-01-08,japan
99,2025-10-08,japan
100,2024-03-10,Singapore
101,2024-12-04,japan
102,2024-08-31,japan
103,2025-05-12,japan
104,2024-05-15,USA
105,2025-08-07,japan
106,2024-09-05,Korea
107,2025-02-20,japan
108,2024-04-09,japan
109,2024-12-28,japan
110,2025-04-23,Taiwan
111,2024-02-25,japan
112,2025-10-23,japan
113,2025-02-16,USA
114,2024-04-21,japan
115,2024-07-13,japan
116,2024-05-23,japan
117,2024-10-12,japan
118,2024-03-18,japan
119,2025-07-17,japan
120,2025-10-29,Germany
121,2024-01-16,UK
122,2024-08-30,japan
123,2025-05-12,japan
124,2025-02-14,Singapore
125,2024-06-17,japan
126,2025-02-03,japan
127,2025-04-10,japan
128,2025-12-14,UK
129,2025-07-23,japan
130,2025-05-13,japan
131,2024-10-30,japan
132,2024-02-29,japan
133,2025-07-09,japan
134,2024-11-17,japan
135,2025-08-21,japan
136,2025-06-27,japan
137,2025-06-04,japan
138,2024-07-09,japan
139,2024-03-10,japan
140,2024-08-28,japan
141,2025-08-06,japan
142,2025-08-31,japan
143,2024-03-24,japan
144,2025-08-20,japan
145,2024-11-19,Singapore
146,2024-07-28,japan
147,2024-11-17,japan
148,2025-02-09,japan
149,2025-10-22,japan
150,2024-11-19,Singapore
151,2024-03-15,japan
152,2025-09-28,Germany
153,2024-04-12,japan
154,2024-08-06,japan
155,2024-05-15,Singapore
156,2024-03-11,Taiwan
157,2025-01-13,japan
158,2025-03-24,Korea
159,2025-12-21,japan
160,2025-10-31,japan
161,2025-11-14,Korea
162,2024-11-02,Singapore
163,2024-04-16,Singapore
164,2024-05-17,japan
165,2024-04-19,USA
166,2024-06-08,japan
167,2025-09-11,japan
168,2024-12-17,japan
169,2025-10-11,Taiwan
170,2025-06-01,japan
171,2024-02-22,japan
172,2025-03-09,Korea
173,2024-02-15,japan
174,2024-05-13,japan
175,2024-09-25,japan
176,2025-03-28,japan
177,2025-03-13,japan
178,2024-04-24,japan
179,2025-12-08,Singapore
180,2025-07-12,japan
181,2025-01-13,japan
182,2024-05-31,japan
183,2024-02-12,japan
184,2024-02-10,Taiwan
185,2024-08-03,japan
186,2025-11-13,japan
187,2025-07-27,Taiwan
188,2025-02-20,Germany
189,2024-06-07,Singapore
190,2024-08-30,Taiwan
191,2024-06-30,Taiwan
192,2024-01-26,japan
193,2024-12-06,Korea
194,2025-02-25,Korea
195,2024-09-11,japan
196,2025-12-19,japan
197,2024-02-09,Taiwan
198,2024-08-15,japan
199,2025-04-16,japan
200,2024-08-21,japan
